{"cameraMode":{"drawMode":0,"name":"Shaded","section":"Shading Mode"},"sceneLighting":false,"audioPlay":false,"sceneViewState":{"m_AlwaysRefresh":true,"showFog":true,"showSkybox":true,"showFlares":false,"showImageEffects":true,"showParticleSystems":true,"showVisualEffectGraphs":true,"m_FxEnabled":false},"in2DMode":false,"pivot":{"x":2.4678962230682375,"y":4.695701599121094,"z":1.0615848302841187},"rotation":{"x":0.3221893608570099,"y":0.39273354411125185,"z":-0.14935044944286347,"w":0.8484607338905335},"size":0.5442565083503723,"orthographic":false}