{"cameraMode":{"drawMode":0,"name":"Shaded","section":"Shading Mode"},"sceneLighting":false,"audioPlay":false,"sceneViewState":{"m_AlwaysRefresh":true,"showFog":true,"showSkybox":false,"showFlares":false,"showImageEffects":true,"showParticleSystems":true,"showVisualEffectGraphs":true,"m_FxEnabled":false},"in2DMode":false,"pivot":{"x":-0.029586033895611764,"y":0.2909527122974396,"z":-0.3735886216163635},"rotation":{"x":0.36814582347869875,"y":0.02438938617706299,"z":-0.00713980570435524,"w":0.9301677346229553},"size":0.07361732423305512,"orthographic":false}